shop,ProductID,name,category,price,url,collection_date
Brickmo,60312,LEGO City 60312 Police Car 60312,Lego City,8.26,https://www.brickmo.com/en/new-at-brickmo/lego/43997/lego-city-60312-police-car-60312?c=5983,2026-07-24
Brickmo,60480,LEGO City 60480 Yellow Backhoe Loader 60480,Lego City,22.17,https://www.brickmo.com/en/new-at-brickmo/lego/87158/lego-city-60480-yellow-backhoe-loader-60480?c=5983,2026-07-24
Brickmo,60502,LEGO City 60502 Airport with Airplane 60502,Lego City,80.55,https://www.brickmo.com/en/new-at-brickmo/lego/82875/lego-city-60502-airport-with-airplane-60502?c=5983,2026-07-24
Brickmo,60373,LEGO City 60373 Fire Rescue Boat 60373,Lego City,15.49,https://www.brickmo.com/en/new-at-brickmo/lego/51187/lego-city-60373-fire-rescue-boat-60373?c=5983,2026-07-24
Brickmo,60454,LEGO City Fahrzeuge 60454 Holiday Adventure...,Lego City,22.68,https://www.brickmo.com/en/new-at-brickmo/lego/72178/lego-city-fahrzeuge-60454-holiday-adventure-camper-van-60454?c=5983,2026-07-24
Brickmo,60430,LEGO City 60430 Interstellar Spaceship 60430,Lego City,14.97,https://www.brickmo.com/en/new-at-brickmo/lego/59083/lego-city-60430-interstellar-spaceship-60430?c=5983,2026-07-24
Brickmo,60484,LEGO City 60484 Rides – Gaming Race Car 60484,Lego City,7.49,https://www.brickmo.com/en/new-at-brickmo/lego/82898/lego-city-60484-rides-gaming-race-car-60484?c=5983,2026-07-24
Brickmo,60419,LEGO City 60419 Police Prison Island 60419,Lego City,78.48,https://www.brickmo.com/en/new-at-brickmo/lego/59078/lego-city-60419-police-prison-island-60419?c=5983,2026-07-24
Brickmo,60414,LEGO City 60414 Fire Station with Fire Truck 60414,Lego City,61.95,https://www.brickmo.com/en/new-at-brickmo/lego/59070/lego-city-60414-fire-station-with-fire-truck-60414?c=5983,2026-07-24
Brickmo,60483,LEGO City 60483 Rides – Construction Loader 60483,Lego City,7.49,https://www.brickmo.com/en/new-at-brickmo/lego/82899/lego-city-60483-rides-construction-loader-60483?c=5983,2026-07-24
Brickmo,60479,LEGO City 60479 Police Prisoner Transport Van...,Lego City,16.01,https://www.brickmo.com/en/new-at-brickmo/lego/82893/lego-city-60479-police-prisoner-transport-van-60479?c=5983,2026-07-24
Brickmo,60465,LEGO City 60465 Emergency Air Ambulance...,Lego City,40.25,https://www.brickmo.com/en/new-at-brickmo/lego/77966/lego-city-60465-emergency-air-ambulance-airplane-60465?c=5983,2026-07-24
Brickmo,60312,LEGO City 60312 Police Car 60312,Lego City,8.26,https://www.brickmo.com/en/new-at-brickmo/lego/43997/lego-city-60312-police-car-60312?c=5983,2026-07-24
Brickmo,60480,LEGO City 60480 Yellow Backhoe Loader 60480,Lego City,22.17,https://www.brickmo.com/en/new-at-brickmo/lego/87158/lego-city-60480-yellow-backhoe-loader-60480?c=5983,2026-07-24
Brickmo,60502,LEGO City 60502 Airport with Airplane 60502,Lego City,80.55,https://www.brickmo.com/en/new-at-brickmo/lego/82875/lego-city-60502-airport-with-airplane-60502?c=5983,2026-07-24
Brickmo,60373,LEGO City 60373 Fire Rescue Boat 60373,Lego City,15.49,https://www.brickmo.com/en/new-at-brickmo/lego/51187/lego-city-60373-fire-rescue-boat-60373?c=5983,2026-07-24
Brickmo,60454,LEGO City Fahrzeuge 60454 Holiday Adventure...,Lego City,22.68,https://www.brickmo.com/en/new-at-brickmo/lego/72178/lego-city-fahrzeuge-60454-holiday-adventure-camper-van-60454?c=5983,2026-07-24
Brickmo,60430,LEGO City 60430 Interstellar Spaceship 60430,Lego City,14.97,https://www.brickmo.com/en/new-at-brickmo/lego/59083/lego-city-60430-interstellar-spaceship-60430?c=5983,2026-07-24
Brickmo,60484,LEGO City 60484 Rides – Gaming Race Car 60484,Lego City,7.49,https://www.brickmo.com/en/new-at-brickmo/lego/82898/lego-city-60484-rides-gaming-race-car-60484?c=5983,2026-07-24
Brickmo,60419,LEGO City 60419 Police Prison Island 60419,Lego City,78.48,https://www.brickmo.com/en/new-at-brickmo/lego/59078/lego-city-60419-police-prison-island-60419?c=5983,2026-07-24
Brickmo,60414,LEGO City 60414 Fire Station with Fire Truck 60414,Lego City,61.95,https://www.brickmo.com/en/new-at-brickmo/lego/59070/lego-city-60414-fire-station-with-fire-truck-60414?c=5983,2026-07-24
Brickmo,60483,LEGO City 60483 Rides – Construction Loader 60483,Lego City,7.49,https://www.brickmo.com/en/new-at-brickmo/lego/82899/lego-city-60483-rides-construction-loader-60483?c=5983,2026-07-24
Brickmo,60479,LEGO City 60479 Police Prisoner Transport Van...,Lego City,16.01,https://www.brickmo.com/en/new-at-brickmo/lego/82893/lego-city-60479-police-prisoner-transport-van-60479?c=5983,2026-07-24
Brickmo,60465,LEGO City 60465 Emergency Air Ambulance...,Lego City,40.25,https://www.brickmo.com/en/new-at-brickmo/lego/77966/lego-city-60465-emergency-air-ambulance-airplane-60465?c=5983,2026-07-24
Brickmo,60481,LEGO City 60481 Rides – Police Truck 60481,Lego City,7.49,https://www.brickmo.com/en/new-at-brickmo/lego/82901/lego-city-60481-rides-police-truck-60481?c=5983,2026-07-24
Brickmo,60404,LEGO City 60404 Burger Truck 60404,Lego City,16.52,https://www.brickmo.com/en/new-at-brickmo/lego/59073/lego-city-60404-burger-truck-60404?c=5983,2026-07-24
Brickmo,60482,LEGO City 60482 Rides – Fire Truck 60482,Lego City,7.49,https://www.brickmo.com/en/new-at-brickmo/lego/82900/lego-city-60482-rides-fire-truck-60482?c=5983,2026-07-24
Brickmo,60486,LEGO City 60486 EV Supercar 60486,Lego City,8.53,https://www.brickmo.com/en/new-at-brickmo/lego/82881/lego-city-60486-ev-supercar-60486?c=5983,2026-07-24
Brickmo,60505,"LEGO City 60505 Airplane, Service Truck &...",Lego City,54.61,https://www.brickmo.com/en/new-at-brickmo/lego/82894/lego-city-60505-airplane-service-truck-hovercraft-remix-60505?c=5983,2026-07-24
Brickmo,60205,LEGO City 60205 Tracks 60205,Lego City,15.49,https://www.brickmo.com/en/new-at-brickmo/lego/38128/lego-city-60205-tracks-60205?c=5983,2026-07-24
Brickmo,60368,LEGO City 60368 Arctic Explorer Ship 60368,Lego City,153.97,https://www.brickmo.com/en/new-at-brickmo/lego/54381/lego-city-60368-arctic-explorer-ship-60368?c=5983,2026-07-24
Brickmo,60511,LEGO City 60511 Vintage Steam Train 60511,Lego City,71.25,https://www.brickmo.com/en/new-at-brickmo/lego/87154/lego-city-60511-vintage-steam-train-60511?c=5983,2026-07-24
Brickmo,60506,LEGO City 60506 Classic Beach Streetcar 60506,Lego City,55.28,https://www.brickmo.com/en/new-at-brickmo/lego/87155/lego-city-60506-classic-beach-streetcar-60506?c=5983,2026-07-24
Brickmo,60494,LEGO City 60494 Dump Truck & Front End Loader...,Lego City,97.65,https://www.brickmo.com/en/new-at-brickmo/lego/87156/lego-city-60494-dump-truck-front-end-loader-60494?c=5983,2026-07-24
Brickmo,60492,LEGO City 60492 Passenger Jet 60492,Lego City,22.17,https://www.brickmo.com/en/new-at-brickmo/lego/87157/lego-city-60492-passenger-jet-60492?c=5983,2026-07-24
Brickmo,60497,LEGO City 60497 Drive-Through Car Wash 60497,Lego City,42.83,https://www.brickmo.com/en/new-at-brickmo/lego/87149/lego-city-60497-drive-through-car-wash-60497?c=5983,2026-07-24
Brickmo,75455,LEGO Star Wars 75455 Boba Fett 75455,Lego Star Wars,139.45,https://www.brickmo.com/en/new-at-brickmo/lego/87308/lego-star-wars-75455-boba-fett-75455?c=6055,2026-07-24
Brickmo,75331,LEGO Star Wars 75331 The Razor Crest 75331,Lego Star Wars,670.63,https://www.brickmo.com/en/new-at-brickmo/lego/50734/lego-star-wars-75331-the-razor-crest-75331?c=6055,2026-07-24
Brickmo,75192,LEGO Star Wars 75192 Millennium Falcon 75192,Lego Star Wars,784.3,https://www.brickmo.com/en/new-at-brickmo/lego/39796/lego-star-wars-75192-millennium-falcon-75192?c=6055,2026-07-24
Brickmo,40755,LEGO Star Wars 40755 Imperial Dropship vs....,Lego Star Wars,49.55,https://www.brickmo.com/en/new-at-brickmo/lego/85400/lego-star-wars-40755-imperial-dropship-vs.-rebel-scout-speeder-40755?c=6055,2026-07-24
Brickmo,75383,LEGO Star Wars 75383 Darth Maul's Sith...,Lego Star Wars,72.28,https://www.brickmo.com/en/new-at-brickmo/lego/67150/lego-star-wars-75383-darth-maul-s-sith-infiltrator-75383?c=6055,2026-07-24
Brickmo,75400,LEGO Star Wars 75400 Plo Koon's Jedi...,Lego Star Wars,11.87,https://www.brickmo.com/en/new-at-brickmo/lego/77984/lego-star-wars-75400-plo-koon-s-jedi-starfighter-microfighter-75400?c=6055,2026-07-24
Brickmo,75397,LEGO Star Wars 75397 Jabba's Sail Barge 75397,Lego Star Wars,449.45,https://www.brickmo.com/en/new-at-brickmo/lego/90044/lego-star-wars-75397-jabba-s-sail-barge-75397?c=6055,2026-07-24
Brickmo,75453,LEGO Star Wars 75453 Offworld Sandcrawler and...,Lego Star Wars,165.28,https://www.brickmo.com/en/new-at-brickmo/lego/87321/lego-star-wars-75453-offworld-sandcrawler-and-mudhorn-75453?c=6055,2026-07-24
Brickmo,75454,LEGO Star Wars 75454 Imperial Remnant AT-AT...,Lego Star Wars,132.58,https://www.brickmo.com/en/new-at-brickmo/lego/87331/lego-star-wars-75454-imperial-remnant-at-at-with-int-4-75454?c=6055,2026-07-24
Brickmo,75349,LEGO Star Wars 75349 Captain Rex Helmet 75349,Lego Star Wars,72.28,https://www.brickmo.com/en/new-at-brickmo/lego/52945/lego-star-wars-75349-captain-rex-helmet-75349?c=6055,2026-07-24
Brickmo,75345,LEGO Star Wars 75345 501st Clone Troopers...,Lego Star Wars,20.62,https://www.brickmo.com/en/new-at-brickmo/lego/52104/lego-star-wars-75345-501st-clone-troopers-battle-pack-75345?c=6055,2026-07-24
Brickmo,75401,LEGO Star Wars 75401 Ahsoka's Jedi Interceptor...,Lego Star Wars,37.15,https://www.brickmo.com/en/new-at-brickmo/lego/72213/lego-star-wars-75401-ahsoka-s-jedi-interceptor-75401?c=6055,2026-07-24
Brickmo,75455,LEGO Star Wars 75455 Boba Fett 75455,Lego Star Wars,139.45,https://www.brickmo.com/en/new-at-brickmo/lego/87308/lego-star-wars-75455-boba-fett-75455?c=6055,2026-07-24
Brickmo,75331,LEGO Star Wars 75331 The Razor Crest 75331,Lego Star Wars,670.63,https://www.brickmo.com/en/new-at-brickmo/lego/50734/lego-star-wars-75331-the-razor-crest-75331?c=6055,2026-07-24
Brickmo,75192,LEGO Star Wars 75192 Millennium Falcon 75192,Lego Star Wars,784.3,https://www.brickmo.com/en/new-at-brickmo/lego/39796/lego-star-wars-75192-millennium-falcon-75192?c=6055,2026-07-24
Brickmo,40755,LEGO Star Wars 40755 Imperial Dropship vs....,Lego Star Wars,49.55,https://www.brickmo.com/en/new-at-brickmo/lego/85400/lego-star-wars-40755-imperial-dropship-vs.-rebel-scout-speeder-40755?c=6055,2026-07-24
Brickmo,75383,LEGO Star Wars 75383 Darth Maul's Sith...,Lego Star Wars,72.28,https://www.brickmo.com/en/new-at-brickmo/lego/67150/lego-star-wars-75383-darth-maul-s-sith-infiltrator-75383?c=6055,2026-07-24
Brickmo,75400,LEGO Star Wars 75400 Plo Koon's Jedi...,Lego Star Wars,11.87,https://www.brickmo.com/en/new-at-brickmo/lego/77984/lego-star-wars-75400-plo-koon-s-jedi-starfighter-microfighter-75400?c=6055,2026-07-24
Brickmo,75397,LEGO Star Wars 75397 Jabba's Sail Barge 75397,Lego Star Wars,449.45,https://www.brickmo.com/en/new-at-brickmo/lego/90044/lego-star-wars-75397-jabba-s-sail-barge-75397?c=6055,2026-07-24
Brickmo,75453,LEGO Star Wars 75453 Offworld Sandcrawler and...,Lego Star Wars,165.28,https://www.brickmo.com/en/new-at-brickmo/lego/87321/lego-star-wars-75453-offworld-sandcrawler-and-mudhorn-75453?c=6055,2026-07-24
Brickmo,75454,LEGO Star Wars 75454 Imperial Remnant AT-AT...,Lego Star Wars,132.58,https://www.brickmo.com/en/new-at-brickmo/lego/87331/lego-star-wars-75454-imperial-remnant-at-at-with-int-4-75454?c=6055,2026-07-24
Brickmo,75349,LEGO Star Wars 75349 Captain Rex Helmet 75349,Lego Star Wars,72.28,https://www.brickmo.com/en/new-at-brickmo/lego/52945/lego-star-wars-75349-captain-rex-helmet-75349?c=6055,2026-07-24
Brickmo,75345,LEGO Star Wars 75345 501st Clone Troopers...,Lego Star Wars,20.62,https://www.brickmo.com/en/new-at-brickmo/lego/52104/lego-star-wars-75345-501st-clone-troopers-battle-pack-75345?c=6055,2026-07-24
Brickmo,75401,LEGO Star Wars 75401 Ahsoka's Jedi Interceptor...,Lego Star Wars,37.15,https://www.brickmo.com/en/new-at-brickmo/lego/72213/lego-star-wars-75401-ahsoka-s-jedi-interceptor-75401?c=6055,2026-07-24
Brickmo,75347,LEGO Star Wars 75347 TIE Bomber 75347,Lego Star Wars,54.76,https://www.brickmo.com/en/new-at-brickmo/lego/52103/lego-star-wars-75347-tie-bomber-75347?c=6055,2026-07-24
Brickmo,75404,LEGO Star Wars 75404 Acclamator-Class Assault...,Lego Star Wars,41.28,https://www.brickmo.com/en/new-at-brickmo/lego/72220/lego-star-wars-75404-acclamator-class-assault-ship-75404?c=6055,2026-07-24
Brickmo,75403,LEGO Star Wars 75403 Grogu with Hover Pram 75403,Lego Star Wars,82.62,https://www.brickmo.com/en/new-at-brickmo/lego/72221/lego-star-wars-75403-grogu-with-hover-pram-75403?c=6055,2026-07-24
Brickmo,75333,LEGO Star Wars 75333 Obi-Wan Kenobi’s Jedi...,Lego Star Wars,36.12,https://www.brickmo.com/en/new-at-brickmo/lego/48275/lego-star-wars-75333-obi-wan-kenobi-s-jedi-starfighter-75333?c=6055,2026-07-24
Brickmo,75373,LEGO Star Wars 75373 Ambush on Mandalore Battle...,Lego Star Wars,20.62,https://www.brickmo.com/en/new-at-brickmo/lego/65593/lego-star-wars-75373-ambush-on-mandalore-battle-pack-75373?c=6055,2026-07-24
Brickmo,75325,LEGO Star Wars 75325 The Mandalorian´s N-1...,Lego Star Wars,60.97,https://www.brickmo.com/en/new-at-brickmo/lego/45737/lego-star-wars-75325-the-mandalorian-s-n-1-starfighter-75325?c=6055,2026-07-24
Brickmo,75456,LEGO Star Wars 75456 Advent Calendar 2026 75456,Lego Star Wars,27.85,https://www.brickmo.com/en/new-at-brickmo/lego/87099/lego-star-wars-75456-advent-calendar-2026-75456?c=6055,2026-07-24
Brickmo,75451,LEGO Star Wars 75451 Hutt Palace Sentry Droid...,Lego Star Wars,39.68,https://www.brickmo.com/en/new-at-brickmo/lego/87088/lego-star-wars-75451-hutt-palace-sentry-droid-showdown-75451?c=6055,2026-07-24
Brickmo,75439,LEGO Star Wars 75439 Darth Vader Bust 75439,Lego Star Wars,40.25,https://www.brickmo.com/en/new-at-brickmo/lego/82981/lego-star-wars-75439-darth-vader-bust-75439?c=6055,2026-07-24
Brickmo,75438,LEGO Star Wars 75438 Yoda Bust 75438,Lego Star Wars,31.98,https://www.brickmo.com/en/new-at-brickmo/lego/82982/lego-star-wars-75438-yoda-bust-75438?c=6055,2026-07-24
Brickmo,75446,LEGO Star Wars 75446 Grogu (Mandalorian...,Lego Star Wars,107.93,https://www.brickmo.com/en/new-at-brickmo/lego/82984/lego-star-wars-75446-grogu-mandalorian-apprentice-75446?c=6055,2026-07-24
Brickmo,75445,LEGO Star Wars 75445 Anzellan Starship 75445,Lego Star Wars,60.92,https://www.brickmo.com/en/new-at-brickmo/lego/82985/lego-star-wars-75445-anzellan-starship-75445?c=6055,2026-07-24
Brickmo,42673,LEGO Friends 42673 Family Vacation Beach Resort...,Lego Friends,108.45,https://www.brickmo.com/en/new-at-brickmo/lego/78078/lego-friends-42673-family-vacation-beach-resort-42673?c=6036,2026-07-24
Brickmo,42692,LEGO Friends 42692 Ice Cream & Balloon Stand 42692,Lego Friends,7.49,https://www.brickmo.com/en/new-at-brickmo/lego/82866/lego-friends-42692-ice-cream-balloon-stand-42692?c=6036,2026-07-24
Brickmo,42648,LEGO Friends 42648 Panda Sanctuary Animal Care...,Lego Friends,23.72,https://www.brickmo.com/en/new-at-brickmo/lego/78076/lego-friends-42648-panda-sanctuary-animal-care-42648?c=6036,2026-07-24
Brickmo,42695,LEGO Friends 42695 Horse & Baby Foal Trailer 42695,Lego Friends,22.27,https://www.brickmo.com/en/new-at-brickmo/lego/82865/lego-friends-42695-horse-baby-foal-trailer-42695?c=6036,2026-07-24
Brickmo,42703,LEGO Friends 42703 Mermaid Roller Coaster Ride...,Lego Friends,77.86,https://www.brickmo.com/en/new-at-brickmo/lego/87133/lego-friends-42703-mermaid-roller-coaster-ride-42703?c=6036,2026-07-24
Brickmo,42690,LEGO Friends 42690 Forest Tea Party 42690,Lego Friends,7.44,https://www.brickmo.com/en/new-at-brickmo/lego/87129/lego-friends-42690-forest-tea-party-42690?c=6036,2026-07-24
Brickmo,42700,LEGO Friends 42700 Candy & Cupcake Ferris Wheel...,Lego Friends,46.71,https://www.brickmo.com/en/new-at-brickmo/lego/87135/lego-friends-42700-candy-cupcake-ferris-wheel-42700?c=6036,2026-07-24
Brickmo,42676,LEGO Friends 42676 Fun Water Park Day 42676,Lego Friends,22.17,https://www.brickmo.com/en/new-at-brickmo/lego/87131/lego-friends-42676-fun-water-park-day-42676?c=6036,2026-07-24
Brickmo,42693,LEGO Friends 42693 Creative Flower Shop 42693,Lego Friends,22.17,https://www.brickmo.com/en/new-at-brickmo/lego/87128/lego-friends-42693-creative-flower-shop-42693?c=6036,2026-07-24
Brickmo,42704,LEGO Friends 42704 Heartlake City Grand Hotel...,Lego Friends,122.04,https://www.brickmo.com/en/new-at-brickmo/lego/87142/lego-friends-42704-heartlake-city-grand-hotel-42704?c=6036,2026-07-24
Brickmo,42682,LEGO Friends 42682 Nature Glamping Cabin 42682,Lego Friends,18.55,https://www.brickmo.com/en/new-at-brickmo/lego/87130/lego-friends-42682-nature-glamping-cabin-42682?c=6036,2026-07-24
Brickmo,42694,LEGO Friends 42694 Pizza Truck 42694,Lego Friends,11.11,https://www.brickmo.com/en/new-at-brickmo/lego/87137/lego-friends-42694-pizza-truck-42694?c=6036,2026-07-24
Brickmo,42673,LEGO Friends 42673 Family Vacation Beach Resort...,Lego Friends,108.45,https://www.brickmo.com/en/new-at-brickmo/lego/78078/lego-friends-42673-family-vacation-beach-resort-42673?c=6036,2026-07-24
Brickmo,42692,LEGO Friends 42692 Ice Cream & Balloon Stand 42692,Lego Friends,7.49,https://www.brickmo.com/en/new-at-brickmo/lego/82866/lego-friends-42692-ice-cream-balloon-stand-42692?c=6036,2026-07-24
Brickmo,42648,LEGO Friends 42648 Panda Sanctuary Animal Care...,Lego Friends,23.72,https://www.brickmo.com/en/new-at-brickmo/lego/78076/lego-friends-42648-panda-sanctuary-animal-care-42648?c=6036,2026-07-24
Brickmo,42695,LEGO Friends 42695 Horse & Baby Foal Trailer 42695,Lego Friends,22.27,https://www.brickmo.com/en/new-at-brickmo/lego/82865/lego-friends-42695-horse-baby-foal-trailer-42695?c=6036,2026-07-24
Brickmo,42703,LEGO Friends 42703 Mermaid Roller Coaster Ride...,Lego Friends,77.86,https://www.brickmo.com/en/new-at-brickmo/lego/87133/lego-friends-42703-mermaid-roller-coaster-ride-42703?c=6036,2026-07-24
Brickmo,42690,LEGO Friends 42690 Forest Tea Party 42690,Lego Friends,7.44,https://www.brickmo.com/en/new-at-brickmo/lego/87129/lego-friends-42690-forest-tea-party-42690?c=6036,2026-07-24
Brickmo,42700,LEGO Friends 42700 Candy & Cupcake Ferris Wheel...,Lego Friends,46.71,https://www.brickmo.com/en/new-at-brickmo/lego/87135/lego-friends-42700-candy-cupcake-ferris-wheel-42700?c=6036,2026-07-24
Brickmo,42676,LEGO Friends 42676 Fun Water Park Day 42676,Lego Friends,22.17,https://www.brickmo.com/en/new-at-brickmo/lego/87131/lego-friends-42676-fun-water-park-day-42676?c=6036,2026-07-24
Brickmo,42693,LEGO Friends 42693 Creative Flower Shop 42693,Lego Friends,22.17,https://www.brickmo.com/en/new-at-brickmo/lego/87128/lego-friends-42693-creative-flower-shop-42693?c=6036,2026-07-24
Brickmo,42704,LEGO Friends 42704 Heartlake City Grand Hotel...,Lego Friends,122.04,https://www.brickmo.com/en/new-at-brickmo/lego/87142/lego-friends-42704-heartlake-city-grand-hotel-42704?c=6036,2026-07-24
Brickmo,42682,LEGO Friends 42682 Nature Glamping Cabin 42682,Lego Friends,18.55,https://www.brickmo.com/en/new-at-brickmo/lego/87130/lego-friends-42682-nature-glamping-cabin-42682?c=6036,2026-07-24
Brickmo,42694,LEGO Friends 42694 Pizza Truck 42694,Lego Friends,11.11,https://www.brickmo.com/en/new-at-brickmo/lego/87137/lego-friends-42694-pizza-truck-42694?c=6036,2026-07-24
Brickmo,42697,LEGO Friends 42697 Creative Dollhouse Suitcase...,Lego Friends,38.91,https://www.brickmo.com/en/new-at-brickmo/lego/87136/lego-friends-42697-creative-dollhouse-suitcase-42697?c=6036,2026-07-24
Brickmo,42705,LEGO Friends 42705 Cozy Fall Forest Cabin 42705,Lego Friends,77.86,https://www.brickmo.com/en/new-at-brickmo/lego/87141/lego-friends-42705-cozy-fall-forest-cabin-42705?c=6036,2026-07-24
Brickmo,42702,LEGO Friends 42702 Spinning Flower & Fairy...,Lego Friends,31.16,https://www.brickmo.com/en/new-at-brickmo/lego/87134/lego-friends-42702-spinning-flower-fairy-teacup-ride-42702?c=6036,2026-07-24
Brickmo,42698,LEGO Friends 42698 Advent Calendar 2026 42698,Lego Friends,19.94,https://www.brickmo.com/en/new-at-brickmo/lego/87304/lego-friends-42698-advent-calendar-2026-42698?c=6036,2026-07-24
Brickmo,42659,LEGO Friends 42659 Friendship Road-Trip Travel...,Lego Friends,16.48,https://www.brickmo.com/en/new-at-brickmo/lego/78075/lego-friends-42659-friendship-road-trip-travel-car-42659?c=6036,2026-07-24
Brickmo,42687,LEGO Friends 42687 Liann's Family House 42687,Lego Friends,54.61,https://www.brickmo.com/en/new-at-brickmo/lego/82869/lego-friends-42687-liann-s-family-house-42687?c=6036,2026-07-24
Brickmo,42663,LEGO Friends 42663 Friendship Camper Van...,Lego Friends,49.55,https://www.brickmo.com/en/new-at-brickmo/lego/72154/lego-friends-42663-friendship-camper-van-adventure-42663?c=6036,2026-07-24
Brickmo,42666,LEGO Friends 42666 Cat Birthday Party & Tree...,Lego Friends,22.68,https://www.brickmo.com/en/new-at-brickmo/lego/78080/lego-friends-42666-cat-birthday-party-tree-house-42666?c=6036,2026-07-24
Brickmo,42652,LEGO Friends 42652 Friendship Tree House...,Lego Friends,61.95,https://www.brickmo.com/en/new-at-brickmo/lego/72036/lego-friends-42652-friendship-tree-house-hangout-42652?c=6036,2026-07-24
Brickmo,42681,LEGO Friends 42681 Axolotl Adventure Boat 42681,Lego Friends,8.53,https://www.brickmo.com/en/new-at-brickmo/lego/82863/lego-friends-42681-axolotl-adventure-boat-42681?c=6036,2026-07-24
Brickmo,41713,LEGO Friends 41713 Olivia´s Space Academy 41713,Lego Friends,72.28,https://www.brickmo.com/en/new-at-brickmo/lego/47182/lego-friends-41713-olivia-s-space-academy-41713?c=6036,2026-07-24
Brickmo,42647,LEGO Friends 42647 Paisley's Room 42647,Lego Friends,20.62,https://www.brickmo.com/en/new-at-brickmo/lego/72034/lego-friends-42647-paisley-s-room-42647?c=6036,2026-07-24
Brickmo,11382,LEGO Icons 11382 Hubble Space Telescope 11382,Lego Icons,107.42,https://www.brickmo.com/en/new-at-brickmo/lego/87317/lego-icons-11382-hubble-space-telescope-11382?c=6790,2026-07-24
Brickmo,11375,LEGO Icons 11375 Ferrari F2004 & Michael...,Lego Icons,72.28,https://www.brickmo.com/en/new-at-brickmo/lego/82975/lego-icons-11375-ferrari-f2004-michael-schumacher-11375?c=6790,2026-07-24
Brickmo,11378,LEGO Icons 11378 Douglas DC-3 PAN AM Airliner...,Lego Icons,237.62,https://www.brickmo.com/en/new-at-brickmo/lego/90387/lego-icons-11378-douglas-dc-3-pan-am-airliner-11378?c=6790,2026-07-24
Brickmo,11381,LEGO Icons 11381 Jaguar E-Type 11381,Lego Icons,115.68,https://www.brickmo.com/en/new-at-brickmo/lego/87319/lego-icons-11381-jaguar-e-type-11381?c=6790,2026-07-24
Brickmo,11383,LEGO Icons 11383 Mayor Manor 11383,Lego Icons,91.19,https://www.brickmo.com/en/new-at-brickmo/lego/87318/lego-icons-11383-mayor-manor-11383?c=6790,2026-07-24
Brickmo,10331,LEGO Icons 10331 Kingfisher Bird 10331,Lego Icons,46.45,https://www.brickmo.com/en/new-at-brickmo/lego/59147/lego-icons-10331-kingfisher-bird-10331?c=6790,2026-07-24
Brickmo,11380,LEGO Icons 11380 Road Bike 11380,Lego Icons,99.46,https://www.brickmo.com/en/new-at-brickmo/lego/87306/lego-icons-11380-road-bike-11380?c=6790,2026-07-24
Brickmo,10360,LEGO Icons 10360 Shuttle Carrier Aircraft 10360,Lego Icons,237.62,https://www.brickmo.com/en/new-at-brickmo/lego/84321/lego-icons-10360-shuttle-carrier-aircraft-10360?c=6790,2026-07-24
Brickmo,11371,LEGO Icons 11371 Shopping Street 11371,Lego Icons,246.97,https://www.brickmo.com/en/new-at-brickmo/lego/90384/lego-icons-11371-shopping-street-11371?c=6790,2026-07-24
Brickmo,10335,LEGO Icons 10335 The Endurance 10335,Lego Icons,289.28,https://www.brickmo.com/en/new-at-brickmo/lego/90389/lego-icons-10335-the-endurance-10335?c=6790,2026-07-24
Brickmo,10305,LEGO Icons 10305 Lion Knights' Castle 10305,Lego Icons,594.17,https://www.brickmo.com/en/new-at-brickmo/lego/49449/lego-icons-10305-lion-knights-castle-10305?c=6790,2026-07-24
Brickmo,10307,LEGO Icons 10307 Eiffel Tower 10307,Lego Icons,707.82,https://www.brickmo.com/en/new-at-brickmo/lego/51652/lego-icons-10307-eiffel-tower-10307?c=6790,2026-07-24
Brickmo,11370,LEGO Icons 11370 Stranger Things: The Creel...,Lego Icons,273.78,https://www.brickmo.com/en/new-at-brickmo/lego/90336/lego-icons-11370-stranger-things-the-creel-house-11370?c=6790,2026-07-24
Brickmo,10333,LEGO Icons 10333 The Lord of the Rings:...,Lego Icons,501.17,https://www.brickmo.com/en/new-at-brickmo/lego/68140/lego-icons-10333-the-lord-of-the-rings-barad-dur-10333?c=6790,2026-07-24
Brickmo,10337,LEGO Icons 10337 Lamborghini Countach 5000...,Lego Icons,175.62,https://www.brickmo.com/en/new-at-brickmo/lego/90043/lego-icons-10337-lamborghini-countach-5000-quattrovalvole-10337?c=6790,2026-07-24
Brickmo,43018,LEGO Editions 43018 Lionel Messi – Celebration...,Lego Icons,149.78,https://www.brickmo.com/en/new-at-brickmo/lego/87070/lego-editions-43018-lionel-messi-celebration-43018?c=6790,2026-07-24
Brickmo,10362,LEGO Icons 10362 French Café 10362,Lego Icons,65.09,https://www.brickmo.com/en/new-at-brickmo/lego/72229/lego-icons-10362-french-cafe-10362?c=6790,2026-07-24
Brickmo,10328,LEGO Icons 10328 Bouquet of Roses 10328,Lego Icons,49.55,https://www.brickmo.com/en/new-at-brickmo/lego/59118/lego-icons-10328-bouquet-of-roses-10328?c=6790,2026-07-24
Brickmo,11384,LEGO Icons 11384 Golden Retriever Puppy 11384,Lego Icons,112.63,https://www.brickmo.com/en/new-at-brickmo/lego/82970/lego-icons-11384-golden-retriever-puppy-11384?c=6790,2026-07-24
Brickmo,11373,LEGO Icons 11373 The Lord of the Rings:...,Lego Icons,61.95,https://www.brickmo.com/en/new-at-brickmo/lego/82976/lego-icons-11373-the-lord-of-the-rings-sauron-s-helmet-11373?c=6790,2026-07-24
Brickmo,11376,LEGO Icons 11376 Ford Model T 11376,Lego Icons,108.45,https://www.brickmo.com/en/new-at-brickmo/lego/82974/lego-icons-11376-ford-model-t-11376?c=6790,2026-07-24
Brickmo,10356,LEGO Icons 10356 Star Trek: U.S.S. Enterprise...,Lego Icons,392.66,https://www.brickmo.com/en/new-at-brickmo/lego/86703/lego-icons-10356-star-trek-u.s.s.-enterprise-ncc-1701-d-10356?c=6790,2026-07-24
Brickmo,10365,LEGO Icons 10365 Captain Jack Sparrow's Pirate...,Lego Icons,361.66,https://www.brickmo.com/en/new-at-brickmo/lego/86641/lego-icons-10365-captain-jack-sparrow-s-pirate-ship-10365?c=6790,2026-07-24
Brickmo,10315,LEGO Icons 10315 Tranquil Garden 10315,Lego Icons,98.12,https://www.brickmo.com/en/new-at-brickmo/lego/56014/lego-icons-10315-tranquil-garden-10315?c=6790,2026-07-24
Brickmo,11382,LEGO Icons 11382 Hubble Space Telescope 11382,Lego Icons,107.42,https://www.brickmo.com/en/new-at-brickmo/lego/87317/lego-icons-11382-hubble-space-telescope-11382?c=6790,2026-07-24
Brickmo,11375,LEGO Icons 11375 Ferrari F2004 & Michael...,Lego Icons,72.28,https://www.brickmo.com/en/new-at-brickmo/lego/82975/lego-icons-11375-ferrari-f2004-michael-schumacher-11375?c=6790,2026-07-24
Brickmo,11378,LEGO Icons 11378 Douglas DC-3 PAN AM Airliner...,Lego Icons,237.62,https://www.brickmo.com/en/new-at-brickmo/lego/90387/lego-icons-11378-douglas-dc-3-pan-am-airliner-11378?c=6790,2026-07-24
Brickmo,11381,LEGO Icons 11381 Jaguar E-Type 11381,Lego Icons,115.68,https://www.brickmo.com/en/new-at-brickmo/lego/87319/lego-icons-11381-jaguar-e-type-11381?c=6790,2026-07-24
Brickmo,11383,LEGO Icons 11383 Mayor Manor 11383,Lego Icons,91.19,https://www.brickmo.com/en/new-at-brickmo/lego/87318/lego-icons-11383-mayor-manor-11383?c=6790,2026-07-24
Brickmo,10331,LEGO Icons 10331 Kingfisher Bird 10331,Lego Icons,46.45,https://www.brickmo.com/en/new-at-brickmo/lego/59147/lego-icons-10331-kingfisher-bird-10331?c=6790,2026-07-24
Brickmo,11380,LEGO Icons 11380 Road Bike 11380,Lego Icons,99.46,https://www.brickmo.com/en/new-at-brickmo/lego/87306/lego-icons-11380-road-bike-11380?c=6790,2026-07-24
Brickmo,10360,LEGO Icons 10360 Shuttle Carrier Aircraft 10360,Lego Icons,237.62,https://www.brickmo.com/en/new-at-brickmo/lego/84321/lego-icons-10360-shuttle-carrier-aircraft-10360?c=6790,2026-07-24
Brickmo,11371,LEGO Icons 11371 Shopping Street 11371,Lego Icons,246.97,https://www.brickmo.com/en/new-at-brickmo/lego/90384/lego-icons-11371-shopping-street-11371?c=6790,2026-07-24
Brickmo,10335,LEGO Icons 10335 The Endurance 10335,Lego Icons,289.28,https://www.brickmo.com/en/new-at-brickmo/lego/90389/lego-icons-10335-the-endurance-10335?c=6790,2026-07-24
Brickmo,10305,LEGO Icons 10305 Lion Knights' Castle 10305,Lego Icons,594.17,https://www.brickmo.com/en/new-at-brickmo/lego/49449/lego-icons-10305-lion-knights-castle-10305?c=6790,2026-07-24
Brickmo,10307,LEGO Icons 10307 Eiffel Tower 10307,Lego Icons,707.82,https://www.brickmo.com/en/new-at-brickmo/lego/51652/lego-icons-10307-eiffel-tower-10307?c=6790,2026-07-24
bricksdirect,60512,LEGO 60512 Mountain Bike Adventure Van,LEGO City,30.49,https://bricksdirect.ie/lego-60512-mountain-bike-adventure-van,2026-07-24
bricksdirect,60511,LEGO 60511 Vintage Steam Train,LEGO City,78.26,https://bricksdirect.ie/lego-60511-vintage-steam-train,2026-07-24
bricksdirect,60510,"LEGO 60510 Advent Calendar 2026, City (Pre order, will be shipped on 01/09/2026)",LEGO City,23.37,https://bricksdirect.ie/lego-60510-advent-calendar-2026-city,2026-07-24
bricksdirect,60509,LEGO 60509 Harbor Freight Train with Crane & Truck,LEGO City,111.81,https://bricksdirect.ie/lego-60509-harbor-freight-train-with-crane--truck,2026-07-24
bricksdirect,60508,LEGO 60508 Police Train Heist,LEGO City,172.8,https://bricksdirect.ie/lego-60508-police-train-heist,2026-07-24
bricksdirect,60506,LEGO 60506 Classic Beach Streetcar,LEGO City,60.98,https://bricksdirect.ie/lego-60506-classic-beach-streetcar,2026-07-24
bricksdirect,60505,"LEGO 60505 Airplane, Service Truck & Hovercraft Remix",LEGO City,60.98,https://bricksdirect.ie/lego-60505-airplane-service-truck--hovercraft-remix,2026-07-24
bricksdirect,60504,LEGO 60504 Coast Guard Rescue Boat & Helicopter,LEGO City,95.54,https://bricksdirect.ie/lego-60504-coast-guard-rescue-boat--helicopter,2026-07-24
bricksdirect,60503,LEGO 60503 Coast Guard Helicopter,LEGO City,51.83,https://bricksdirect.ie/lego-60503-coast-guard-helicopter,2026-07-24
bricksdirect,60502,LEGO 60502 Airport with Airplane,LEGO City,101.64,https://bricksdirect.ie/lego-60502-airport-with-airplane,2026-07-24
bricksdirect,60501,LEGO 60501 Lava Land Roller Coaster Park,LEGO City,111.81,https://bricksdirect.ie/lego-60501-lava-land-roller-coaster-park,2026-07-24
bricksdirect,60500,LEGO 60500 The Van,LEGO City,26.42,https://bricksdirect.ie/lego-60500-the-van,2026-07-24
bricksdirect,60499,LEGO 60499 Airport Fire Truck,LEGO City,71.15,https://bricksdirect.ie/lego-60499-airport-fire-truck,2026-07-24
bricksdirect,60498,LEGO 60498 Tractor,LEGO City,17.27,https://bricksdirect.ie/lego-60498-tractor,2026-07-24
bricksdirect,60497,LEGO 60497 Drive-Through Car Wash,LEGO City,47.77,https://bricksdirect.ie/lego-60497-drive-through-car-wash,2026-07-24
bricksdirect,60496,LEGO 60496 Pizza Delivery Experience with Vehicles,LEGO City,43.7,https://bricksdirect.ie/lego-60496-pizza-delivery-experience-with-vehicles,2026-07-24
bricksdirect,60495,LEGO 60495 Recycling Truck,LEGO City,55.9,https://bricksdirect.ie/lego-60495-recycling-truck,2026-07-24
bricksdirect,60494,LEGO 60494 Dump Truck & Front End Loader,LEGO City,103.68,https://bricksdirect.ie/lego-60494-dump-truck--front-end-loader,2026-07-24
bricksdirect,60493,LEGO 60493 F1 Display Truck with Audi F1 Race Car,LEGO City,39.63,https://bricksdirect.ie/lego-60493-f1-display-truck-with-audi-f1-race-car,2026-07-24
bricksdirect,60492,LEGO 60492 Passenger Jet,LEGO City,26.42,https://bricksdirect.ie/lego-60492-passenger-jet,2026-07-24
bricksdirect,60491,LEGO 60491 Motorcycle Transporter,LEGO City,17.27,https://bricksdirect.ie/lego-60491-motorcycle-transporter,2026-07-24
bricksdirect,60490,LEGO 60490 Snowplow,LEGO City,22.35,https://bricksdirect.ie/lego-60490-snowplow,2026-07-24
bricksdirect,60489,LEGO 60489 Jet vs. Car,LEGO City,26.42,https://bricksdirect.ie/lego-60489-jet-vs--car,2026-07-24
bricksdirect,60488,LEGO 60488 Fries Food Truck,LEGO City,20.32,https://bricksdirect.ie/lego-60488-fries-food-truck,2026-07-24
bricksdirect,60487,LEGO 60487 Yellow Taxi,LEGO City,15.24,https://bricksdirect.ie/lego-60487-yellow-taxi,2026-07-24
bricksdirect,60486,LEGO 60486 EV Supercar,LEGO City,9.14,https://bricksdirect.ie/lego-60486-ev-supercar,2026-07-24
bricksdirect,60485,LEGO 60485 Hot Rod,LEGO City,9.14,https://bricksdirect.ie/lego-60485-hot-rod,2026-07-24
bricksdirect,60484,LEGO 60484 Rides – Gaming Race Car,LEGO City,9.14,https://bricksdirect.ie/lego-60484-rides---gaming-race-car,2026-07-24
bricksdirect,60483,LEGO 60483 Rides – Construction Loader,LEGO City,9.14,https://bricksdirect.ie/lego-60483-rides---construction-loader,2026-07-24
bricksdirect,60482,LEGO 60482 Rides – Fire Truck,LEGO City,9.14,https://bricksdirect.ie/lego-60482-rides---fire-truck,2026-07-24
bricksdirect,60481,LEGO 60481 Rides – Police Truck,LEGO City,9.14,https://bricksdirect.ie/lego-60481-rides---police-truck,2026-07-24
bricksdirect,60480,LEGO 60480 Yellow Backhoe Loader,LEGO City,26.42,https://bricksdirect.ie/lego-60480-yellow-backhoe-loader,2026-07-24
bricksdirect,60479,LEGO 60479 Police Prisoner Transport Van,LEGO City,17.27,https://bricksdirect.ie/lego-60479-police-prisoner-transport-van,2026-07-24
bricksdirect,60478,LEGO 60478 Cement Mixer,LEGO City,34.55,https://bricksdirect.ie/lego-60478-cement-mixer,2026-07-24
bricksdirect,60474,LEGO 60474 F1 Grid with VCARB & Sauber Race Cars,LEGO City,40.65,https://bricksdirect.ie/lego-60474-f1-grid-with-vcarb--sauber-race-cars,2026-07-24
bricksdirect,60473,LEGO 60473 The City Tower,LEGO City,213.46,https://bricksdirect.ie/lego-60473-the-city-tower,2026-07-24
bricksdirect,75535,LEGO 75535 Han Solo,LEGO Star Wars,30.49,https://bricksdirect.ie/lego-75535-han-solo,2026-07-24
bricksdirect,75528,LEGO 75528 Rey,LEGO Star Wars,25.4,https://bricksdirect.ie/lego-75528-rey,2026-07-24
bricksdirect,75525,LEGO 75525 Baze Malbus,LEGO Star Wars,20.32,https://bricksdirect.ie/lego-75525-baze-malbus,2026-07-24
bricksdirect,75524,LEGO 75524 Chirrut Îmwe,LEGO Star Wars,20.32,https://bricksdirect.ie/lego-75524-chirrut-imwe,2026-07-24
bricksdirect,75461,LEGO 75461 Up-Scaled Darth Vader Minifigure,LEGO Star Wars,111.81,https://bricksdirect.ie/lego-75461-up-scaled-darth-vader-minifigure,2026-07-24
bricksdirect,75460,LEGO 75460 New Republic X-Wing Starfighter,LEGO Star Wars,81.31,https://bricksdirect.ie/lego-75460-new-republic-x-wing-starfighter,2026-07-24
bricksdirect,75459,LEGO 75459 Imperial Lambda-Class Shuttle,LEGO Star Wars,162.63,https://bricksdirect.ie/lego-75459-imperial-lambda-class-shuttle,2026-07-24
bricksdirect,75458,LEGO 75458 Imperial Remnant AT-RT Driver Helmet,LEGO Star Wars,81.31,https://bricksdirect.ie/lego-75458-imperial-remnant-at-rt-driver-helmet,2026-07-24
bricksdirect,75456,"LEGO 75456 Advent Calendar 2026, Star Wars (Pre order, will be shipped on 01/09/2026)",LEGO Star Wars,30.49,https://bricksdirect.ie/lego-75456-advent-calendar-2026-star-wars,2026-07-24
bricksdirect,75455,"LEGO 75455 Boba Fett (Pre order, will be shipped on 01/08/2026)",LEGO Star Wars,147.39,https://bricksdirect.ie/lego-75455-boba-fett,2026-07-24
bricksdirect,75454,"LEGO 75454 Imperial Remnant AT-AT with INT-4 (Pre order, will be shipped on 01/08/2026)",LEGO Star Wars,138.24,https://bricksdirect.ie/lego-75454-imperial-remnant-at-at-with-int-4,2026-07-24
bricksdirect,75453,"LEGO 75453 Offworld Sandcrawler and Mudhorn (Pre order, will be shipped on 01/08/2026)",LEGO Star Wars,172.8,https://bricksdirect.ie/lego-75453-offworld-sandcrawler-and-mudhorn,2026-07-24
bricksdirect,75452,LEGO 75452 BB-8 Astromech Droid,LEGO Star Wars,78.26,https://bricksdirect.ie/lego-75452-bb-8-astromech-droid,2026-07-24
bricksdirect,75451,"LEGO 75451 Hutt Palace Sentry Droid Showdown (Pre order, will be shipped on 01/08/2026)",LEGO Star Wars,43.7,https://bricksdirect.ie/lego-75451-hutt-palace-sentry-droid-showdown,2026-07-24
bricksdirect,75449,LEGO 75449 Siege of Mandalore Battle Pack,LEGO Star Wars,20.32,https://bricksdirect.ie/lego-75449-siege-of-mandalore-battle-pack,2026-07-24
bricksdirect,75448,LEGO 75448 Clone Shock Trooper Mech,LEGO Star Wars,15.24,https://bricksdirect.ie/lego-75448-clone-shock-trooper-mech,2026-07-24
bricksdirect,75447,LEGO 75447 The Razor Crest,LEGO Star Wars,130.1,https://bricksdirect.ie/lego-75447-the-razor-crest,2026-07-24
bricksdirect,75446,LEGO 75446 Grogu (Mandalorian Apprentice),LEGO Star Wars,112.83,https://bricksdirect.ie/lego-75446-grogu-mandalorian-apprentice,2026-07-24
bricksdirect,75445,LEGO 75445 Anzellan Starship,LEGO Star Wars,65.05,https://bricksdirect.ie/lego-75445-anzellan-starship,2026-07-24
bricksdirect,75444,LEGO 75444 AT-RT Attack,LEGO Star Wars,39.63,https://bricksdirect.ie/lego-75444-at-rt-attack,2026-07-24
bricksdirect,75443,LEGO 75443 Grogu’s Homestead,LEGO Star Wars,17.27,https://bricksdirect.ie/lego-75443-grogus-homestead,2026-07-24
bricksdirect,75442,LEGO 75442 The Mandalorian’s N-1 Starfighter,LEGO Star Wars,284.62,https://bricksdirect.ie/lego-75442-the-mandalorians-n-1-starfighter,2026-07-24
bricksdirect,75441,LEGO 75441 Venator-Class Attack Cruiser,LEGO Star Wars,69.12,https://bricksdirect.ie/lego-75441-venator-class-attack-cruiser,2026-07-24
bricksdirect,75440,LEGO 75440 AT-AT,LEGO Star Wars,56.91,https://bricksdirect.ie/lego-75440-at-at,2026-07-24
bricksdirect,75439,LEGO 75439 Darth Vader Bust,LEGO Star Wars,43.7,https://bricksdirect.ie/lego-75439-darth-vader-bust,2026-07-24
bricksdirect,75438,LEGO 75438 Yoda Bust,LEGO Star Wars,34.55,https://bricksdirect.ie/lego-75438-yoda-bust,2026-07-24
bricksdirect,75437,LEGO 75437 Cobb Vanth’s Speeder,LEGO Star Wars,26.42,https://bricksdirect.ie/lego-75437-cobb-vanths-speeder,2026-07-24
bricksdirect,75436,LEGO 75436 The Mandalorian & Grogu’s Speeder Bike,LEGO Star Wars,10.16,https://bricksdirect.ie/lego-75436-the-mandalorian--grogus-speeder-bike,2026-07-24
bricksdirect,75435,LEGO 75435 Battle of Felucia Separatist MTT,LEGO Star Wars,126.04,https://bricksdirect.ie/lego-75435-battle-of-felucia-separatist-mtt,2026-07-24
bricksdirect,75434,LEGO 75434 K-2SO Security Droid,LEGO Star Wars,91.48,https://bricksdirect.ie/lego-75434-k-2so-security-droid,2026-07-24
bricksdirect,75433,LEGO 75433 Jango Fett’s Starship,LEGO Star Wars,56.92,https://bricksdirect.ie/lego-75433-jango-fetts-starship,2026-07-24
bricksdirect,75432,LEGO 75432 V-19 Torrent Starfighter,LEGO Star Wars,66.06,https://bricksdirect.ie/lego-75432-v-19-torrent-starfighter,2026-07-24
bricksdirect,75431,LEGO 75431 327th Star Corps Clone Troopers Battle Pack,LEGO Star Wars,40.65,https://bricksdirect.ie/lego-75431-327th-star-corps-clone-troopers-battle-pack,2026-07-24
bricksdirect,75430,LEGO 75430 Wicket the Ewok,LEGO Star Wars,132.14,https://bricksdirect.ie/lego-75430-wicket-the-ewok,2026-07-24
bricksdirect,75429,LEGO 75429 AT-AT Driver Helmet,LEGO Star Wars,101.64,https://bricksdirect.ie/lego-75429-at-at-driver-helmet,2026-07-24
bricksdirect,75428,LEGO 75428 Battle Droid with STAP,LEGO Star Wars,142.3,https://bricksdirect.ie/lego-75428-battle-droid-with-stap,2026-07-24
bricksdirect,853778,LEGO 853778 Stephanie’s Pool Pod,LEGO Friends,10.16,https://bricksdirect.ie/lego-853778-stephanies-pool-pod,2026-07-24
bricksdirect,5005236,LEGO 5005236 Friends Clubhouse,LEGO Friends,10.16,https://bricksdirect.ie/lego-5005236-friends-clubhouse,2026-07-24
bricksdirect,42705,LEGO 42705 Cozy Fall Forest Cabin,LEGO Friends,86.4,https://bricksdirect.ie/lego-42705-cozy-fall-forest-cabin,2026-07-24
bricksdirect,42704,LEGO 42704 Heartlake City Grand Hotel,LEGO Friends,130.1,https://bricksdirect.ie/lego-42704-heartlake-city-grand-hotel,2026-07-24
bricksdirect,42703,LEGO 42703 Mermaid Roller Coaster Ride,LEGO Friends,86.4,https://bricksdirect.ie/lego-42703-mermaid-roller-coaster-ride,2026-07-24
bricksdirect,42702,LEGO 42702 Spinning Flower & Fairy Teacup Ride,LEGO Friends,34.55,https://bricksdirect.ie/lego-42702-spinning-flower--fairy-teacup-ride,2026-07-24
bricksdirect,42701,LEGO 42701 Koala Habitat & Care Center,LEGO Friends,76.23,https://bricksdirect.ie/lego-42701-koala-habitat--care-center,2026-07-24
bricksdirect,42700,LEGO 42700 Candy & Cupcake Ferris Wheel,LEGO Friends,51.83,https://bricksdirect.ie/lego-42700-candy--cupcake-ferris-wheel,2026-07-24
bricksdirect,42699,LEGO 42699 Beach House with Seals,LEGO Friends,50.82,https://bricksdirect.ie/lego-42699-beach-house-with-seals,2026-07-24
bricksdirect,42698,"LEGO 42698 Advent Calendar 2026, Friends (Pre order, will be shipped on 01/09/2026)",LEGO Friends,23.37,https://bricksdirect.ie/lego-42698-advent-calendar-2026-friends,2026-07-24
bricksdirect,42697,LEGO 42697 Creative Dollhouse Suitcase,LEGO Friends,43.7,https://bricksdirect.ie/lego-42697-creative-dollhouse-suitcase,2026-07-24
bricksdirect,42696,LEGO 42696 Animal Vet Clinic,LEGO Friends,26.42,https://bricksdirect.ie/lego-42696-animal-vet-clinic,2026-07-24
bricksdirect,42695,LEGO 42695 Horse & Baby Foal Trailer,LEGO Friends,26.42,https://bricksdirect.ie/lego-42695-horse--baby-foal-trailer,2026-07-24
bricksdirect,42694,LEGO 42694 Pizza Truck,LEGO Friends,13.21,https://bricksdirect.ie/lego-42694-pizza-truck,2026-07-24
bricksdirect,42693,LEGO 42693 Creative Flower Shop,LEGO Friends,26.42,https://bricksdirect.ie/lego-42693-creative-flower-shop,2026-07-24
bricksdirect,42692,LEGO 42692 Ice Cream & Balloon Stand,LEGO Friends,9.14,https://bricksdirect.ie/lego-42692-ice-cream--balloon-stand,2026-07-24
bricksdirect,42691,LEGO 42691 Garden Restaurant,LEGO Friends,156.53,https://bricksdirect.ie/lego-42691-garden-restaurant,2026-07-24
bricksdirect,42690,LEGO 42690 Forest Tea Party,LEGO Friends,9.14,https://bricksdirect.ie/lego-42690-forest-tea-party,2026-07-24
bricksdirect,42689,LEGO 42689 Heartlake City Friends Club House,LEGO Friends,78.26,https://bricksdirect.ie/lego-42689-heartlake-city-friends-club-house,2026-07-24
bricksdirect,42688,LEGO 42688 Horse Stable and Riding Academy,LEGO Friends,69.12,https://bricksdirect.ie/lego-42688-horse-stable-and-riding-academy,2026-07-24
bricksdirect,42687,LEGO 42687 Liann’s Family House,LEGO Friends,60.98,https://bricksdirect.ie/lego-42687-lianns-family-house,2026-07-24
bricksdirect,42686,LEGO 42686 Fun Indoor Playground,LEGO Friends,51.83,https://bricksdirect.ie/lego-42686-fun-indoor-playground,2026-07-24
bricksdirect,42685,LEGO 42685 Heartlake City Fashion Show,LEGO Friends,43.7,https://bricksdirect.ie/lego-42685-heartlake-city-fashion-show,2026-07-24
bricksdirect,42684,LEGO 42684 Unicorn Dream Café,LEGO Friends,34.55,https://bricksdirect.ie/lego-42684-unicorn-dream-cafe,2026-07-24
bricksdirect,42682,LEGO 42682 Nature Glamping Cabin,LEGO Friends,22.35,https://bricksdirect.ie/lego-42682-nature-glamping-cabin,2026-07-24
bricksdirect,42681,LEGO 42681 Axolotl Adventure Boat,LEGO Friends,9.14,https://bricksdirect.ie/lego-42681-axolotl-adventure-boat,2026-07-24
bricksdirect,42680,LEGO 42680 Heartlake City Convenience Store,LEGO Friends,17.27,https://bricksdirect.ie/lego-42680-heartlake-city-convenience-store,2026-07-24
bricksdirect,42679,LEGO 42679 Heartlake City Bunny Hotel,LEGO Friends,22.35,https://bricksdirect.ie/lego-42679-heartlake-city-bunny-hotel,2026-07-24
bricksdirect,42678,LEGO 42678 Pet Accessories Van,LEGO Friends,17.27,https://bricksdirect.ie/lego-42678-pet-accessories-van,2026-07-24
bricksdirect,42677,LEGO 42677 Dog Treats Bakery,LEGO Friends,26.42,https://bricksdirect.ie/lego-42677-dog-treats-bakery,2026-07-24
bricksdirect,42676,LEGO 42676 Fun Water Park Day,LEGO Friends,26.42,https://bricksdirect.ie/lego-42676-fun-water-park-day,2026-07-24
bricksdirect,42675,LEGO 42675 Unicorn Cake Delivery Car,LEGO Friends,9.14,https://bricksdirect.ie/lego-42675-unicorn-cake-delivery-car,2026-07-24
bricksdirect,42674,LEGO 42674 Comic Book and Game Store,LEGO Friends,101.64,https://bricksdirect.ie/lego-42674-comic-book-and-game-store,2026-07-24
bricksdirect,42673,LEGO 42673 Family Vacation Beach Resort,LEGO Friends,132.14,https://bricksdirect.ie/lego-42673-family-vacation-beach-resort,2026-07-24
bricksdirect,42672,LEGO 42672 Creative Beach and Travel Suitcase,LEGO Friends,30.49,https://bricksdirect.ie/lego-42672-creative-beach-and-travel-suitcase,2026-07-24
bricksdirect,42671,LEGO 42671 Plant Café & Flower Shop,LEGO Friends,91.47,https://bricksdirect.ie/lego-42671-plant-cafe--flower-shop,2026-07-24
Zavvi,42695,LEGO Friends Horse & Baby Foal Trailer with Car Toy 42695,Lego Friends,29.27,https://www.zavvi.com/p/toys/lego-friends-horse-baby-foal-trailer-with-car-toy-42695/17650759/,2026-07-24
Zavvi,60505,"LEGO City Airplane, Service Truck & Hovercraft Remix 60505",Lego City,70.25,https://www.zavvi.com/p/toys/lego-city-airplane-service-truck-hovercraft-remix-60505/17650791/,2026-07-24
Zavvi,60500,LEGO City: The LEGO Van Toy Building Set for Kids 60500,Lego City,29.27,https://www.zavvi.com/p/toys/lego-city-the-lego-van-toy-building-set-for-kids-60500/17650787/,2026-07-24
Zavvi,75437,LEGO Star Wars Cobb Vanth’s Speeder Toy for Kids 75437,Lego Star Wars,29.27,https://www.zavvi.com/p/toys/lego-star-wars-cobb-vanth-s-speeder-toy-for-kids-75437/17650810/,2026-07-24
Zavvi,42689,LEGO Friends Heartlake City Friends Club House Toy 42689,Lego Friends,93.68,https://www.zavvi.com/p/toys/lego-friends-heartlake-city-friends-club-house-toy-42689/17650757/,2026-07-24
Zavvi,42673,LEGO® Friends Family Holiday Beach Resort Building Set 42673,Lego Friends,117.1,https://www.zavvi.com/p/toys/lego-friends-family-holiday-beach-resort-building-set-42673/16717297/,2026-07-24
Zavvi,42688,LEGO Friends Horse Stable and Riding Academy Toy 42688,Lego Friends,81.97,https://www.zavvi.com/p/toys/lego-friends-horse-stable-and-riding-academy-toy-42688/17650756/,2026-07-24
Zavvi,42699,LEGO Friends Beach House with Seals Building Toy 42699,Lego Friends,52.69,https://www.zavvi.com/p/toys/lego-friends-beach-house-with-seals-building-toy-42699/17650761/,2026-07-24
Zavvi,42680,LEGO Friends Heartlake City Mini Supermarket Shop Toy 42680,Lego Friends,21.07,https://www.zavvi.com/p/toys/lego-friends-heartlake-city-mini-supermarket-shop-toy-42680/17650750/,2026-07-24
Zavvi,42686,LEGO Friends Fun Indoor Playground Toy with Mini Dolls 42686,Lego Friends,64.4,https://www.zavvi.com/p/toys/lego-friends-fun-indoor-playground-toy-with-mini-dolls-42686/17650754/,2026-07-24
Zavvi,42685,LEGO Friends Heartlake City Fashion Show Toy for Kids 42685,Lego Friends,52.69,https://www.zavvi.com/p/toys/lego-friends-heartlake-city-fashion-show-toy-for-kids-42685/17650753/,2026-07-24
Zavvi,42696,LEGO Friends Animal Vet Clinic with Toy Horse Stable 42696,Lego Friends,29.27,https://www.zavvi.com/p/toys/lego-friends-animal-vet-clinic-with-toy-horse-stable-42696/17650760/,2026-07-24
Zavvi,60490,LEGO City Snowplough Truck Toy Vehicle with Minifigure 60490,Lego City,23.41,https://www.zavvi.com/p/toys/lego-city-snowplough-truck-toy-vehicle-with-minifigure-60490/17650783/,2026-07-24
Zavvi,60504,LEGO City Coast Guard Rescue Boat & Helicopter Playset 60504,Lego City,100.7,https://www.zavvi.com/p/toys/lego-city-coast-guard-rescue-boat-helicopter-playset-60504/17650790/,2026-07-24
Zavvi,60503,LEGO City Coast Guard Helicopter Toy Building Set 60503,Lego City,57.37,https://www.zavvi.com/p/toys/lego-city-coast-guard-helicopter-toy-building-set-60503/17650789/,2026-07-24
Zavvi,60491,LEGO City Motorcycle Transporter Toy and 2 Minifigures 60491,Lego City,21.07,https://www.zavvi.com/p/toys/lego-city-motorcycle-transporter-toy-and-2-minifigures-60491/17650784/,2026-07-24
Zavvi,60454,LEGO City Holiday Adventure Camper Van Toy Vehicle Set 60454,Lego City,26.92,https://www.zavvi.com/p/toys/lego-city-holiday-adventure-camper-van-toy-vehicle-set-60454/15833871/,2026-07-24
Zavvi,60502,LEGO City Airport with Airplane Toy Model Airport Set 60502,Lego City,90.16,https://www.zavvi.com/p/toys/lego-city-airport-with-airplane-toy-model-airport-set-60502/17650788/,2026-07-24
Zavvi,60487,LEGO City Yellow Taxi Model Car Kit with 2 Minifigures 60487,Lego City,14.04,https://www.zavvi.com/p/toys/lego-city-yellow-taxi-model-car-kit-with-2-minifigures-60487/17650780/,2026-07-24
Zavvi,75443,LEGO Star Wars Grogu’s Homestead Toy Building Set 75443,Lego Star Wars,21.07,https://www.zavvi.com/p/toys/lego-star-wars-grogu-s-homestead-toy-building-set-75443/17650813/,2026-07-24
Zavvi,75449,LEGO Star Wars Siege of Mandalore Battle Pack Set 75449,Lego Star Wars,21.07,https://www.zavvi.com/p/toys/lego-star-wars-siege-of-mandalore-battle-pack-set-75449/17650815/,2026-07-24
Zavvi,75448,LEGO Star Wars Clone Shock Trooper Mech Building Toy 75448,Lego Star Wars,14.04,https://www.zavvi.com/p/toys/lego-star-wars-clone-shock-trooper-mech-building-toy-75448/17650814/,2026-07-24
JB Spielwaren,75455,LEGO 75455 Boba Fett™,Lego Star Wars,144.49,https://www.jb-spielwaren.de/en/lego-75455-boba-fett/a-648673936/,2026-07-24
JB Spielwaren,75454,LEGO 75454 Imperial Remnant AT-AT™ with INT-4,Lego Star Wars,135.99,https://www.jb-spielwaren.de/en/lego-75454-imperial-remnant-at-at-with-int-4/a-75454/,2026-07-24
JB Spielwaren,75453,LEGO 75453 Offworld Sandcrawler™ and Mudhorn,Lego Star Wars,169.99,https://www.jb-spielwaren.de/en/lego-75453-offworld-sandcrawler-and-mudhorn/a-75453/,2026-07-24
JB Spielwaren,75461,LEGO 75461 Up-Scaled Darth Vader™ Minifigure,Lego Star Wars,99.99,https://www.jb-spielwaren.de/en/lego-75461-up-scaled-darth-vader-minifigure/a-75461/,2026-07-24
JB Spielwaren,75459,LEGO 75459 Imperial Lambda-Class Shuttle,Lego Star Wars,149.99,https://www.jb-spielwaren.de/en/lego-75459-imperial-lambda-class-shuttle/a-75459/,2026-07-24
JB Spielwaren,75458,LEGO 75458 mperial Remnant AT-RT Driver™ Helmet,Lego Star Wars,69.99,https://www.jb-spielwaren.de/en/lego-75458-mperial-remnant-at-rt-driver-helmet/a-75458/,2026-07-24
JB Spielwaren,75456,LEGO 75456 Advent Calendar 2026,Lego Star Wars,29.74,https://www.jb-spielwaren.de/en/lego-75456-advent-calendar-2026/a-75456/,2026-07-24
JB Spielwaren,75451,LEGO 75451 Hutt Palace Sentry Droid Showdown,Lego Star Wars,42.49,https://www.jb-spielwaren.de/en/lego-75451-hutt-palace-sentry-droid-showdown/a-75451/,2026-07-24
JB Spielwaren,75442,LEGO 75442 The Mandalorian N-1 Starfighter,Lego Star Wars,249.99,https://www.jb-spielwaren.de/en/lego-75442-the-mandalorian-n-1-starfighter/a-75442/,2026-07-24
JB Spielwaren,30728,LEGO 30728 The Razor Crest™ Mini-Build,Lego Star Wars,3.19,https://www.jb-spielwaren.de/en/lego-30728-the-razor-crest-mini-build/a-30728/,2026-07-24
JB Spielwaren,75446,LEGO 75446 Grogu™ (apprenti du Mandalorien),Lego Star Wars,110.49,https://www.jb-spielwaren.de/en/lego-75446-grogu-apprenti-du-mandalorien/a-75446/,2026-07-24
JB Spielwaren,75445,LEGO 75445 Anzellan Starship,Lego Star Wars,63.74,https://www.jb-spielwaren.de/en/lego-75445-anzellan-starship/a-75445/,2026-07-24
JB Spielwaren,42698,LEGO 42698 Advent Calendar 2026,Lego Friends,22.94,https://www.jb-spielwaren.de/en/lego-42698-advent-calendar-2026/a-42698/,2026-07-24
JB Spielwaren,42705,LEGO 42705 Cozy Fall Forest Cabin,Lego Friends,84.99,https://www.jb-spielwaren.de/en/lego-42705-cozy-fall-forest-cabin/a-42705/,2026-07-24
JB Spielwaren,42702,LEGO 42702 Spinning Flower & Fairy Teacup Ride,Lego Friends,33.99,https://www.jb-spielwaren.de/en/lego-42702-spinning-flower-fairy-teacup-ride/a-42702/,2026-07-24
JB Spielwaren,42704,LEGO 42704 Heartlake City Grand Hotel,Lego Friends,127.49,https://www.jb-spielwaren.de/en/lego-42704-heartlake-city-grand-hotel/a-42704/,2026-07-24
JB Spielwaren,42703,LEGO 42703 Mermaid Roller Coaster Ride,Lego Friends,84.99,https://www.jb-spielwaren.de/en/lego-42703-mermaid-roller-coaster-ride/a-42703/,2026-07-24
JB Spielwaren,42697,LEGO 42697 Creative Dollhouse Suitcase,Lego Friends,42.49,https://www.jb-spielwaren.de/en/lego-42697-creative-dollhouse-suitcase/a-42697/,2026-07-24
JB Spielwaren,42700,LEGO 42700 Candy & Cupcake Ferris Wheel,Lego Friends,50.99,https://www.jb-spielwaren.de/en/lego-42700-candy-cupcake-ferris-wheel/a-42700/,2026-07-24
JB Spielwaren,42694,LEGO 42694 Pizza Truck,Lego Friends,12.74,https://www.jb-spielwaren.de/en/lego-42694-pizza-truck/a-42694/,2026-07-24
JB Spielwaren,42693,LEGO 42693 Creative Flower Shop,Lego Friends,25.49,https://www.jb-spielwaren.de/en/lego-42693-creative-flower-shop/a-42693/,2026-07-24
JB Spielwaren,42690,LEGO 42690 Forest Tea Party,Lego Friends,8.49,https://www.jb-spielwaren.de/en/lego-42690-forest-tea-party/a-42690/,2026-07-24
JB Spielwaren,42682,LEGO 42682 Nature Glamping Cabin,Lego Friends,21.24,https://www.jb-spielwaren.de/en/lego-42682-nature-glamping-cabin/a-42682/,2026-07-24
JB Spielwaren,42676,LEGO 42676 Fun Water Park Day,Lego Friends,25.49,https://www.jb-spielwaren.de/en/lego-42676-fun-water-park-day/a-42676/,2026-07-24
JB Spielwaren,42699,LEGO 42699 Beach House with Seals,Lego Friends,42.49,https://www.jb-spielwaren.de/en/lego-42699-beach-house-with-seals/a-42699/,2026-07-24
JB Spielwaren,42692,LEGO 42692 Ice Cream & Balloon Stand,Lego Friends,8.49,https://www.jb-spielwaren.de/en/lego-42692-ice-cream-balloon-stand/a-42692/,2026-07-24
JB Spielwaren,42696,LEGO 42696 Animal Vet Clinic,Lego Friends,25.49,https://www.jb-spielwaren.de/en/lego-42696-animal-vet-clinic/a-42696/,2026-07-24
JB Spielwaren,42689,LEGO 42689 Heartlake City Friends Club House,Lego Friends,71.99,https://www.jb-spielwaren.de/en/lego-42689-heartlake-city-friends-club-house/a-42689/,2026-07-24
JB Spielwaren,42695,LEGO 42695 Horse & Baby Foal Trailer,Lego Friends,25.49,https://www.jb-spielwaren.de/en/lego-42695-horse-baby-foal-trailer/a-42695/,2026-07-24
JB Spielwaren,42687,LEGO 42687 Liann's Family House,Lego Friends,55.99,https://www.jb-spielwaren.de/en/lego-42687-liann-s-family-house/a-42687/,2026-07-24
JB Spielwaren,42685,LEGO 42685 Heartlake City Fashion Show,Lego Friends,42.49,https://www.jb-spielwaren.de/en/lego-42685-heartlake-city-fashion-show/a-42685/,2026-07-24
JB Spielwaren,42686,LEGO 42686 Fun Indoor Playground,Lego Friends,47.99,https://www.jb-spielwaren.de/en/lego-42686-fun-indoor-playground/a-42686/,2026-07-24
JB Spielwaren,42688,LEGO 42688 Horse Stable and Riding Academy,Lego Friends,55.99,https://www.jb-spielwaren.de/en/lego-42688-horse-stable-and-riding-academy/a-42688/,2026-07-24
JB Spielwaren,42680,LEGO 42680 Heartlake City Convenience Store,Lego Friends,16.99,https://www.jb-spielwaren.de/en/lego-42680-heartlake-city-convenience-store/a-42680/,2026-07-24
JB Spielwaren,42681,LEGO 42681 Axolotl Adventure Boat,Lego Friends,8.49,https://www.jb-spielwaren.de/en/lego-42681-axolotl-adventure-boat/a-42681/,2026-07-24
JB Spielwaren,42684,LEGO 42684 Unicorn Dream Café,Lego Friends,33.99,https://www.jb-spielwaren.de/en/lego-42684-unicorn-dream-cafe/a-42684/,2026-07-24
JB Spielwaren,42677,LEGO 42677 Dog Treats Bakery,Lego Friends,25.49,https://www.jb-spielwaren.de/en/lego-42677-dog-treats-bakery/a-42677/,2026-07-24
JB Spielwaren,42675,LEGO 42675 Unicorn Cake Delivery Car,Lego Friends,8.49,https://www.jb-spielwaren.de/en/lego-42675-unicorn-cake-delivery-car/a-42675/,2026-07-24
JB Spielwaren,42678,LEGO 42678 Pet Accessories Van,Lego Friends,16.99,https://www.jb-spielwaren.de/en/lego-42678-pet-accessories-van/a-42678/,2026-07-24
JB Spielwaren,42679,LEGO 42679 Heartlake City Bunny Hotel,Lego Friends,21.24,https://www.jb-spielwaren.de/en/lego-42679-heartlake-city-bunny-hotel/a-42679/,2026-07-24
JB Spielwaren,42674,LEGO 42674 Comic Book and Game Store,Lego Friends,89.99,https://www.jb-spielwaren.de/en/lego-42674-comic-book-and-game-store/a-42674/,2026-07-24
JB Spielwaren,42673,LEGO 42673 Family Vacation Beach Resort,Lego Friends,110.49,https://www.jb-spielwaren.de/en/lego-42673-family-vacation-beach-resort/a-42673/,2026-07-24
JB Spielwaren,42671,LEGO 42671 Plant Café & Flower Shop,Lego Friends,76.49,https://www.jb-spielwaren.de/en/lego-42671-plant-cafe-flower-shop/a-42671/,2026-07-24
JB Spielwaren,42665,LEGO 42665 Puppy Playground,Lego Friends,8.49,https://www.jb-spielwaren.de/en/lego-42665-puppy-playground/a-42665/,2026-07-24
JB Spielwaren,42666,LEGO 42666 Cat Birthday Party & Tree House,Lego Friends,25.49,https://www.jb-spielwaren.de/en/lego-42666-cat-birthday-party-tree-house/a-42666/,2026-07-24
JB Spielwaren,42664,LEGO 42664 Travel Boat Adventure,Lego Friends,63.74,https://www.jb-spielwaren.de/en/lego-42664-travel-boat-adventure/a-42664/,2026-07-24
JB Spielwaren,42661,LEGO 42661 Costume Party with Unicorn & Fairy,Lego Friends,33.99,https://www.jb-spielwaren.de/en/lego-42661-costume-party-with-unicorn-fairy/a-42661/,2026-07-24
JB Spielwaren,42653,LEGO 42653 Music Store & Apartment,Lego Friends,42.49,https://www.jb-spielwaren.de/en/lego-42653-music-store-apartment/a-42653/,2026-07-24
JB Spielwaren,11386,LEGO 11386 SpongeBob SquarePants: Bikini Bottom,Lego Icons,178.49,https://www.jb-spielwaren.de/en/lego-11386-spongebob-squarepants-bikini-bottom/a-11386/,2026-07-24
JB Spielwaren,11381,LEGO 11381 Jaguar E-Type,Lego Icons,118.99,https://www.jb-spielwaren.de/en/lego-11381-jaguar-e-type/a-11381/,2026-07-24
JB Spielwaren,11382,LEGO 11382 Hubble Space Telescope,Lego Icons,110.49,https://www.jb-spielwaren.de/en/lego-11382-hubble-space-telescope/a-11382/,2026-07-24
JB Spielwaren,11383,LEGO 11383 Mayor Manor,Lego Icons,93.49,https://www.jb-spielwaren.de/en/lego-11383-mayor-manor/a-11383/,2026-07-24
JB Spielwaren,11380,LEGO 11380 Road Bike,Lego Icons,94.99,https://www.jb-spielwaren.de/en/lego-11380-road-bike/a-11380/,2026-07-24
JB Spielwaren,11371,LEGO 11371 Shopping Street,Lego Icons,249.99,https://www.jb-spielwaren.de/en/lego-11371-shopping-street/a-11371/,2026-07-24
JB Spielwaren,11370,LEGO 11370 Stranger Things: The Creel House,Lego Icons,279.99,https://www.jb-spielwaren.de/en/lego-11370-stranger-things-the-creel-house/a-11370/,2026-07-24
JB Spielwaren,10352,LEGO 10352 The Simpsons™: Krusty Burger,Lego Icons,199.99,https://www.jb-spielwaren.de/en/lego-10352-the-simpsons-krusty-burger/a-10352/,2026-07-24
JB Spielwaren,11384,LEGO 11384 Golden Retriever Puppy,Lego Icons,118.99,https://www.jb-spielwaren.de/en/lego-11384-golden-retriever-puppy/a-11384/,2026-07-24
JB Spielwaren,11376,LEGO 11376 Ford Model T,Lego Icons,94.99,https://www.jb-spielwaren.de/en/lego-11376-ford-model-t/a-11376/,2026-07-24
JB Spielwaren,11375,LEGO 11375 Ferrari F2004 & Michael Schumacher,Lego Icons,76.49,https://www.jb-spielwaren.de/en/lego-11375-ferrari-f2004-michael-schumacher/a-11375/,2026-07-24
JB Spielwaren,11373,LEGO 11373 The Lord of the Rings: Sauron's Helmet,Lego Icons,59.99,https://www.jb-spielwaren.de/en/lego-11373-icons-11373/a-11373/,2026-07-24
JB Spielwaren,60511,LEGO 60511 Vintage Steam Train,Lego City,76.49,https://www.jb-spielwaren.de/en/lego-60511-vintage-steam-train/a-60511/,2026-07-24
JB Spielwaren,60506,LEGO 60506 Classic Beach Streetcar,Lego City,59.49,https://www.jb-spielwaren.de/en/lego-60506-classic-beach-streetcar/a-60506/,2026-07-24
JB Spielwaren,60492,LEGO 60492 Passenger Jet,Lego City,25.49,https://www.jb-spielwaren.de/en/lego-60492-passenger-jet/a-60492/,2026-07-24
JB Spielwaren,60480,LEGO 60480 Yellow Backhoe Loader,Lego City,25.49,https://www.jb-spielwaren.de/en/lego-60480-yellow-backhoe-loader/a-60480/,2026-07-24
JB Spielwaren,60494,LEGO 60494 Dump Truck & Front End Loader,Lego City,101.99,https://www.jb-spielwaren.de/en/lego-60494-dump-truck-front-end-loader/a-60494/,2026-07-24
JB Spielwaren,60496,LEGO 60496 Pizza Delivery Experience with Vehicles,Lego City,42.49,https://www.jb-spielwaren.de/en/lego-60496-pizza-delivery-experience-with-vehicles/a-60496/,2026-07-24
JB Spielwaren,60497,LEGO 60497 Drive-Through Car Wash,Lego City,46.74,https://www.jb-spielwaren.de/en/lego-60497-drive-through-car-wash/a-60497/,2026-07-24
JB Spielwaren,60510,LEGO 60510 Advent Calendar 2026,Lego City,22.94,https://www.jb-spielwaren.de/en/lego-60510-advent-calendar-2026/a-60510/,2026-07-24
JB Spielwaren,60493,LEGO 60493 F1® Truck with Audi F1® race car,Lego City,38.24,https://www.jb-spielwaren.de/en/lego-60493-f1-truck-with-audi-f1-race-car/a-60493/,2026-07-24
JB Spielwaren,60508,LEGO 60508 Police Train Heist,Lego City,169.99,https://www.jb-spielwaren.de/en/lego-60508-police-train-heist/a-60508/,2026-07-24
JB Spielwaren,60484,LEGO 60484 Rides – Gaming Race Car,Lego City,8.49,https://www.jb-spielwaren.de/en/lego-60484-rides-gaming-race-car/a-60484/,2026-07-24
JB Spielwaren,60482,LEGO 60482 Rides – Fire Truck,Lego City,8.49,https://www.jb-spielwaren.de/en/lego-60482-rides-fire-truck/a-60482/,2026-07-24
JB Spielwaren,60504,LEGO 60504 Coast Guard Rescue Boat & Helicopter,Lego City,87.99,https://www.jb-spielwaren.de/en/lego-60504-coast-guard-rescue-boat-helicopter/a-60504/,2026-07-24
JB Spielwaren,60481,LEGO 60481 Rides – Police Truck,Lego City,8.49,https://www.jb-spielwaren.de/en/lego-60481-rides-police-truck/a-60481/,2026-07-24
JB Spielwaren,60483,LEGO 60483 Rides – Construction Loader,Lego City,8.49,https://www.jb-spielwaren.de/en/lego-60483-rides-construction-loader/a-60483/,2026-07-24
JB Spielwaren,60505,"LEGO 60505 Airplane, Service Truck & Hovercraft Remix",Lego City,55.99,https://www.jb-spielwaren.de/en/lego-60505-airplane-service-truck-hovercraft-remix/a-60505/,2026-07-24
JB Spielwaren,60479,LEGO 60479 Police Prisoner Transport Van,Lego City,16.99,https://www.jb-spielwaren.de/en/lego-60479-police-prisoner-transport-van/a-60479/,2026-07-24
JB Spielwaren,60503,LEGO 60503 Coast Guard Helicopter,Lego City,41.99,https://www.jb-spielwaren.de/en/lego-60503-coast-guard-helicopter/a-60503/,2026-07-24
JB Spielwaren,60500,LEGO 60500 The LEGO® Van,Lego City,25.49,https://www.jb-spielwaren.de/en/lego-60500-the-lego-van/a-60500/,2026-07-24
JB Spielwaren,60491,LEGO 60491 Motorcycle Transporter,Lego City,16.99,https://www.jb-spielwaren.de/en/lego-60491-motorcycle-transporter/a-60491/,2026-07-24
